model,horizon_h,n,rmse,mae,bias,skill_vs_baseline,coverage_80,interval_width,pinball,episode_n,episode_rmse,episode_recall
persistence,24,44168,84.73375999884546,55.82179129159127,2.025280178464827,0.0,0.5724959246513313,82.04052592355589,21.28281377831559,5546,148.48846577696523,0.49224666426253155
persistence,48,44610,93.94755236090299,61.40581740992356,7.49598724711074,0.0,0.5766868415153553,89.68452790854069,23.43280570517848,5385,155.59449386783518,0.49600742804085424
persistence,72,44951,96.07385906037618,63.62378360000955,8.675248187734422,0.0,0.584770082979244,94.35562770201626,24.17819042962906,5270,156.6355142778084,0.45009487666034154
persistence,0,133729,91.75077840135587,60.30706196133765,6.0855135931839355,0.0,0.5780197264617248,88.72998795941754,22.97325650734628,16201,153.5437239743527,0.4797851984445405
persistence-daily,24,44168,93.68558638824196,61.23148196720266,1.8007924027662594,-0.10564651432343464,0.5699375113204129,89.41325615167763,23.359716598866612,5546,161.60161748561976,0.4844933285250631
persistence-daily,48,44610,95.79362689294943,63.020285093386455,4.198603610045384,-0.01965005458529334,0.5840394530374355,91.93483940198227,24.070764956989308,5385,161.90509231678456,0.4352831940575673
persistence-daily,72,44951,99.41333671120984,66.8706789550908,6.226431080938958,-0.03475948279266072,0.5725790304998777,95.60613274919811,25.53007111845069,5270,166.98671356938115,0.4176470588235294
persistence-daily,0,133729,96.34316689443047,63.723731600876874,4.088278603809136,-0.050052855933119034,0.5755296158649208,92.33606141255022,24.32644388513718,16201,163.4726483431696,0.4463921980124684
raw-cams,24,44168,95.17117576802379,69.4275784259662,-8.428066031334446,-0.12317895215933472,0.6156493388878826,136.1517620222786,24.005400713160245,5546,186.21711638743704,0.10800576992426975
raw-cams,48,44610,93.44561784450916,68.80172807027057,-6.391125628723849,0.00534270988205876,0.6112979152656355,134.46643913920659,23.657104049105456,5385,181.95291092693512,0.11717734447539462
raw-cams,72,44951,93.14758477615092,67.70225536398625,-8.935307336220434,0.030458590014441733,0.6293964539164868,135.72952650664058,23.27034994742333,5270,186.35061889719947,0.09184060721062619
raw-cams,0,133729,93.91957539446989,68.63886258028845,-7.919074657253068,-0.023637913823758572,0.6188186556393901,135.44763529974807,23.642137837089056,16201,184.85443516350216,0.10579593852231343
scaled-cams,24,44168,95.34048150252454,69.2586479499427,-12.814332490628942,-0.12517704282004716,0.6129777214272777,135.17964212086662,23.980143938649423,5546,191.1331272452455,0.08979444644789038
scaled-cams,48,44610,93.51708336242352,68.54868092416852,-10.771479952489631,0.004582013981863087,0.6094149293880295,133.6326722543526,23.60777029100598,5385,186.8954578066299,0.09730733519034354
scaled-cams,72,44951,93.32249376443332,67.55546533204874,-13.17312804075761,0.028638022068144586,0.6276167382260683,134.97707504560756,23.24289173068477,5270,191.25242102744045,0.07514231499051234
scaled-cams,0,133729,94.05827995320738,68.44931421622199,-12.253471099662427,-0.025149667305900403,0.6167099133321867,134.5955061567514,23.608109358105242,16201,189.7741821280678,0.08752546139127214
cams+obs,24,44168,63.65491063346254,41.716372170390024,-3.3860902922471707,0.2487656556922545,0.5764807100163014,80.11734007535512,14.45946735929312,5546,131.0794880651924,0.4677244861161197
cams+obs,48,44610,65.2428530513739,43.69040932590168,0.31089824412291556,0.3055396185230982,0.5486886348352388,77.79402387694284,15.269842449591641,5385,127.47305437587698,0.47799442896935934
cams+obs,72,44951,64.56169778728584,43.8584997563834,-4.052321717382741,0.3279993286549153,0.5408778447642989,82.26410399576149,15.28648815728805,5270,133.99704412726416,0.4081593927893738
cams+obs,0,133729,64.49269247179754,43.094925622710484,-2.3767737654190295,0.2970883343389218,0.5552423184200884,80.0639189727896,15.007787055610947,16201,130.85666747764617,0.45176223689895684
full (no fires),24,44168,63.268124491944505,41.31902335647531,-1.5052806188002223,0.25333037867307473,0.6036044194892229,83.78778890165795,14.261205541708593,5546,128.05805333565812,0.5155066714749369
full (no fires),48,44610,63.241922566818076,42.096268034512015,0.7712600243503906,0.3268379965464997,0.5858327729208698,83.73081261277872,14.403188560508392,5385,123.09313298535976,0.49545032497678737
full (no fires),72,44951,64.68755625346776,43.56231071493709,-3.0694110900555156,0.32668931084764863,0.562390158172232,83.48174198144464,15.081882343082702,5270,132.4404690462026,0.4297912713472486
full (no fires),0,133729,63.740098160263265,42.332348029040226,-1.2716196381785758,0.3052909275446395,0.5838225067113341,83.66590937397577,14.584427171775571,16201,127.88960174570359,0.4809579655576816
full,24,44168,62.64547466477631,41.24437663691462,0.3425769170737094,0.2606786873894197,0.6218076435428365,87.99064535708264,13.976448518559012,5546,125.03047802560538,0.5263252794807068
full,48,44610,62.89487010376991,41.97007653567776,0.5105055676336433,0.3305321051669665,0.5840618695359785,82.8924469386069,14.396728649351273,5385,124.42677385879288,0.4768802228412256
full,72,44951,63.81226877461075,42.94160689768448,-3.7307766110760996,0.3357998793979028,0.5626126226335343,83.71402638083816,14.95325930787151,5270,132.50240428259988,0.42258064516129035
full,0,133729,63.12286865475688,42.05695782675145,-0.9706013564674332,0.3120181675338891,0.5893186967673429,84.85244099565492,14.4449880157887,16201,127.31262882258322,0.47614344793531266
full+upwind,24,44168,62.518718750614084,40.892978172688395,-1.8907041271582226,0.26217461904834705,0.6226227132765804,89.13390547310053,13.873332666986473,5546,127.98991049742175,0.4958528669311215
full+upwind,48,44610,63.24775217083478,42.156957357500936,0.5918881914663623,0.3267759448605302,0.5860793544048419,84.50795718986772,14.424711772355517,5385,123.6229191609688,0.5136490250696378
full+upwind,72,44951,64.24074953968493,43.27540345743382,-3.360857832034139,0.33133996939465304,0.5732464238837846,85.72504614495658,14.896190033353486,5270,132.36662999996688,0.41347248576850093
full+upwind,0,133729,63.34468192794045,42.11543934722106,-1.5567184984167721,0.30960060468539463,0.5938352937657502,86.44492111986067,14.401082694026805,16201,128.01118006962142,0.4749706808221715
coupled,24,44168,62.97564792514153,41.085131155818445,-2.6076277081810084,0.25678209103432204,0.6129097989494656,85.1381190001875,14.043487542541065,5546,129.3502391746304,0.4756581319870177
coupled,48,44610,62.96179659789258,41.7518557429748,-0.23380250110466463,0.329819723711135,0.582649630127774,82.80508080950757,14.401189386522999,5385,124.70564958056093,0.4856081708449396
coupled,72,44951,64.06551194062096,43.07746165833824,-3.742486116762413,0.33316395773839,0.563546973371004,82.05671634554943,14.9325302293622,5270,131.81425636646182,0.4303605313092979
coupled,0,133729,63.3394882339794,41.97723258671086,-2.197220674825992,0.3096572112237973,0.586222883592938,83.32408491322904,14.46164992373984,16201,128.6413634860919,0.4642306030491945
full+upwind+cal,24,44168,62.518718750614084,40.892978172688395,-1.8907041271582226,0.26217461904834705,0.8159527259554429,135.1685248827325,13.444341217736495,5546,127.98991049742175,0.4958528669311215
full+upwind+cal,48,44610,63.24775217083478,42.156957357500936,0.5918881914663623,0.3267759448605302,0.8019502353732347,132.91066127359704,13.764500820239876,5385,123.6229191609688,0.5136490250696378
full+upwind+cal,72,44951,64.24074953968493,43.27540345743382,-3.360857832034139,0.33133996939465304,0.7837200507218972,134.2292086594576,14.177864588999759,5270,132.36662999996688,0.41347248576850093
full+upwind+cal,0,133729,63.34468192794045,42.11543934722106,-1.5567184984167721,0.30960060468539463,0.8004471730140807,134.09959817905596,13.797704578932128,16201,128.01118006962142,0.4749706808221715
coupled+cal,24,44168,62.97564792514153,41.085131155818445,-2.6076277081810084,0.25678209103432204,0.7998550987140011,127.41355753320286,13.52123139145425,5546,129.3502391746304,0.4756581319870177
coupled+cal,48,44610,62.96179659789258,41.7518557429748,-0.23380250110466463,0.329819723711135,0.8054247926473885,132.07783839107958,13.69056904052763,5385,124.70564958056093,0.4856081708449396
coupled+cal,72,44951,64.06551194062096,43.07746165833824,-3.742486116762413,0.33316395773839,0.7764899557295722,128.4701702265798,14.12906695697528,5270,131.81425636646182,0.4303605313092979
coupled+cal,0,133729,63.3394882339794,41.97723258671086,-2.197220674825992,0.3096572112237973,0.7938592227564701,129.3246565936151,13.78203472529283,16201,128.6413634860919,0.4642306030491945
