fold,model,horizon_h,n,rmse,mae,bias,episode_recall,observed_mean
autumn-2025,persistence,24,36744,84.23204320106989,39.309991612206026,-1.86671607603398,0.22070844686648503,91.16003175688483
autumn-2025,persistence,48,36022,88.48902186672274,41.337215188061926,-4.581558982787811,0.17098445595854922,91.16003175688483
autumn-2025,persistence,72,35392,86.71484193345452,42.85191265979429,-8.329404399636056,0.09375,91.16003175688483
autumn-2025,persistence,0,108158,86.48006483299284,41.14416307770765,-4.8856470504973695,0.16142604074402125,91.16003175688483
autumn-2025,raw-cams,24,36744,82.33957120582568,41.99541134706606,-25.653291561422343,0.0,91.16003175688483
autumn-2025,raw-cams,48,36022,82.03078549938284,41.81425704208376,-25.416802375011365,0.0,91.16003175688483
autumn-2025,raw-cams,72,35392,80.69221546971453,41.34425446712945,-25.38432737555339,0.0,91.16003175688483
autumn-2025,raw-cams,0,108158,81.70078161131038,41.72200314176651,-25.486517083906392,0.0,91.16003175688483
autumn-2025,full (no fires),24,36744,69.5026310087261,30.300997649375898,-13.906830752526318,0.0,91.16003175688483
autumn-2025,full (no fires),48,36022,71.5899760884999,32.88373599347624,-20.02233866636352,0.0,91.16003175688483
autumn-2025,full (no fires),72,35392,74.54566521054926,35.33620836187059,-22.981702619181398,0.0,91.16003175688483
autumn-2025,full (no fires),0,108158,71.87775277174023,32.808824885158685,-18.9131242414675,0.0,91.16003175688483
autumn-2025,full,24,36744,69.5026310087261,30.300997649375898,-13.906830752526318,0.0,91.16003175688483
autumn-2025,full,48,36022,71.5899760884999,32.88373599347624,-20.02233866636352,0.0,91.16003175688483
autumn-2025,full,72,35392,74.54566521054926,35.33620836187059,-22.981702619181398,0.0,91.16003175688483
autumn-2025,full,0,108158,71.87775277174023,32.808824885158685,-18.9131242414675,0.0,91.16003175688483
autumn-2025,full+upwind,24,36744,69.0523321334276,30.117523511480456,-12.339521310614288,0.0,91.16003175688483
autumn-2025,full+upwind,48,36022,71.68351995751766,33.28409721005557,-19.874591751375927,0.0,91.16003175688483
autumn-2025,full+upwind,72,35392,73.99777239375008,34.99529559365472,-20.88193061964141,0.0,91.16003175688483
autumn-2025,full+upwind,0,108158,71.57546826033594,32.768279140304806,-17.644364758923274,0.0,91.16003175688483
autumn-2025,coupled,24,36744,68.96222459469986,30.18297889511531,-12.582773944267243,0.0,91.16003175688483
autumn-2025,coupled,48,36022,71.74388377012535,33.136488493595024,-20.42736333227631,0.0,91.16003175688483
autumn-2025,coupled,72,35392,74.14980447712688,35.22627970743335,-21.840558552404556,0.0,91.16003175688483
autumn-2025,coupled,0,108158,71.61757059474726,32.81693870489356,-18.224791287284482,0.0,91.16003175688483
episode-2025,persistence,24,45156,88.75757197482977,60.119297039116205,-2.3852265998818534,0.635198599060734,203.8339411135406
episode-2025,persistence,48,44226,106.40274848697491,72.32934720534972,-2.3892242198209717,0.5632895916537615,203.8339411135406
episode-2025,persistence,72,43890,114.35207701132938,77.81801198799847,-1.8042124520803968,0.5227103499627699,203.8339411135406
episode-2025,persistence,0,133272,103.59860343812045,69.99982916708223,-2.1952098506203543,0.574473848154067,203.8339411135406
episode-2025,raw-cams,24,45156,138.19604102170393,105.08839597794432,-92.23852369084139,0.06041550585051341,203.8339411135406
episode-2025,raw-cams,48,44226,136.01340577195273,104.29870846011235,-91.49667759187075,0.061374195125927136,203.8339411135406
episode-2025,raw-cams,72,43890,135.67200794649978,103.76708339615648,-91.6128129670101,0.05526598825184082,203.8339411135406
episode-2025,raw-cams,0,133272,136.6451155368083,104.39119679598332,-91.78628068974565,0.05904818657060051,203.8339411135406
episode-2025,full (no fires),24,45156,94.5377685961003,64.34956939512782,-19.683999693979484,0.32778794873835865,203.8339411135406
episode-2025,full (no fires),48,44226,93.46637579449853,61.46876124980996,-36.798772552010185,0.1630939766892167,203.8339411135406
episode-2025,full (no fires),72,43890,95.86954856902835,63.01978216483577,-36.328380422302615,0.016712170100107553,203.8339411135406
episode-2025,full (no fires),0,133272,94.6258827021951,62.95564582099112,-30.844932332383415,0.1712126547306265,203.8339411135406
episode-2025,full,24,45156,85.37725448258985,56.99360609017077,-21.299876586375404,0.4093767412242299,203.8339411135406
episode-2025,full,48,44226,90.95614696369343,60.636930555324845,-29.600078856533784,0.23147770804466541,203.8339411135406
episode-2025,full,72,43890,94.426405565953,62.64772195922687,-31.933591018390814,0.0256473897575908,203.8339411135406
episode-2025,full,0,133272,90.28602599815257,60.06468488608271,-27.55624305510988,0.2246268858853165,203.8339411135406
episode-2025,full+upwind,24,45156,88.21859711275034,58.94002214378494,-25.242203620569235,0.3135397596115577,203.8339411135406
episode-2025,full+upwind,48,44226,90.2801042556507,60.463140918038164,-27.01059472073365,0.22764691498899667,203.8339411135406
episode-2025,full+upwind,72,43890,93.39956428209473,62.386619408650176,-29.017437572226683,0.08124431207081989,203.8339411135406
episode-2025,full+upwind,0,133272,90.63396311510417,60.580521309889285,-27.072324598224835,0.20894390422275794,203.8339411135406
episode-2025,coupled,24,45156,88.02553728201055,58.296573299933605,-25.2872573992517,0.30884342911724905,203.8339411135406
episode-2025,coupled,48,44226,91.94041389808426,61.31590504804539,-30.792293647053526,0.15037900399380552,203.8339411135406
episode-2025,coupled,72,43890,95.29746324374078,63.11669967525655,-34.55556464424674,0.027798461156614544,203.8339411135406
episode-2025,coupled,0,133272,91.76778034536581,60.88592674630581,-30.16638983575836,0.16417021046073837,203.8339411135406
late-winter-2026,persistence,24,32383,88.98207805130639,62.16618715228278,0.3818004315901892,0.48295904887714664,145.54324796700234
late-winter-2026,persistence,48,31480,96.50608563957036,67.76268608579713,-0.7120369712295598,0.41890767951205987,145.54324796700234
late-winter-2026,persistence,72,30836,99.83509897113464,70.16289460602472,1.8223890957077922,0.34748010610079577,145.54324796700234
late-winter-2026,persistence,0,94699,95.12632424732817,66.63048199669105,0.48727135109266245,0.4189151599443672,145.54324796700234
late-winter-2026,raw-cams,24,32383,83.20150263966441,58.99895788500657,-23.376437656316714,0.11149273447820343,145.54324796700234
late-winter-2026,raw-cams,48,31480,82.45389631535394,58.33260694857141,-22.22029005914904,0.12586637094538397,145.54324796700234
late-winter-2026,raw-cams,72,30836,82.23529839857463,58.2794980583021,-22.733098571171332,0.09755378720895962,145.54324796700234
late-winter-2026,raw-cams,0,94699,82.63941017212447,58.54317703520628,-22.782624306773624,0.1119146963375058,145.54324796700234
late-winter-2026,full (no fires),24,32383,64.69568658174296,44.9450079080414,-3.431703866063884,0.4906208718626156,145.54324796700234
late-winter-2026,full (no fires),48,31480,68.0926099752589,47.568531863289024,8.786036786144987,0.514000554477405,145.54324796700234
late-winter-2026,full (no fires),72,30836,69.66862659056974,48.416755126897314,-3.2798452945429974,0.4627173592690834,145.54324796700234
late-winter-2026,full (no fires),0,94699,67.47631633961089,46.94759855157339,0.6791862874008127,0.48966156699119145,145.54324796700234
late-winter-2026,full,24,32383,64.34931872590911,44.78415680465278,-1.8224721386169829,0.5093791281373844,145.54324796700234
late-winter-2026,full,48,31480,68.33481982743585,47.12316935548084,5.000872214733668,0.4990296645411699,145.54324796700234
late-winter-2026,full,72,30836,69.69491709482922,48.67277408585042,0.24416429943556864,0.4768641320365458,145.54324796700234
late-winter-2026,full,0,94699,67.45329060763002,46.82791141223129,1.1186959988212903,0.4956884561891516,145.54324796700234
late-winter-2026,full+upwind,24,32383,64.42509204160473,44.76846871651373,-2.0883816310756655,0.49458388375165124,145.54324796700234
late-winter-2026,full+upwind,48,31480,67.61592893397075,46.480300786156576,4.803680920822382,0.4984751871361242,145.54324796700234
late-winter-2026,full+upwind,72,30836,69.59847097877001,48.50992609261209,-0.9228229642693849,0.4745063365753021,145.54324796700234
late-winter-2026,full+upwind,0,94699,67.2043138773361,46.555816557586255,0.5822199189236898,0.48956884561891517,145.54324796700234
late-winter-2026,coupled,24,32383,64.55783581389481,44.77559267894522,-4.288781176113936,0.47767503302509906,145.54324796700234
late-winter-2026,coupled,48,31480,67.59586256051067,46.71998713029206,6.442730659698454,0.509841973939562,145.54324796700234
late-winter-2026,coupled,72,30836,69.06232957974618,48.24906164532906,1.5510207753311025,0.48128499852637785,145.54324796700234
late-winter-2026,coupled,0,94699,67.06090881962379,46.552986594148244,1.1801691355697481,0.48956884561891517,145.54324796700234
spring-2026,persistence,24,61683,53.606137590047034,31.896454249955415,-0.4019118044409859,0.15846994535519127,75.35326280380741
spring-2026,persistence,48,60416,57.309805761006736,35.0521785757636,-0.012129195908368534,0.11934900542495479,75.35326280380741
spring-2026,persistence,72,58251,56.45953233586902,34.55342596407501,0.26836771042557206,0.13217391304347825,75.35326280380741
spring-2026,persistence,0,180350,55.79130594862957,33.811771689307825,-0.05484466777562139,0.13655336911150864,75.35326280380741
spring-2026,raw-cams,24,61683,63.303638745353304,43.02029958281321,8.382317453755492,0.03825136612021858,75.35326280380741
spring-2026,raw-cams,48,60416,62.02871687083117,41.840946727688035,7.375407521738171,0.03616636528028933,75.35326280380741
spring-2026,raw-cams,72,58251,62.88087464881748,42.06133671524952,6.6497218073509465,0.02782608695652174,75.35326280380741
spring-2026,raw-cams,0,180350,62.74226837673588,42.315490444506054,7.4854009056464275,0.03398926654740608,75.35326280380741
spring-2026,full (no fires),24,61683,38.899889572938726,23.55474128358313,-3.0703922508101256,0.014571948998178506,75.35326280380741
spring-2026,full (no fires),48,60416,40.82112424812883,24.995290764692665,-3.212299171495171,0.009041591320072333,75.35326280380741
spring-2026,full (no fires),72,58251,42.3970447049895,25.664346795553445,-5.994976815847605,0.0034782608695652175,75.35326280380741
spring-2026,full (no fires),0,180350,40.69813419082362,24.71869397628342,-4.062537657065218,0.008944543828264758,75.35326280380741
spring-2026,full,24,61683,38.89919665008799,23.918445535712937,-1.670065190313146,0.020036429872495445,75.35326280380741
spring-2026,full,48,60416,40.39612364902691,25.01481508417606,-1.5104196229865803,0.0054249547920434,75.35326280380741
spring-2026,full,72,58251,42.525637091872,26.342929673709676,-3.1870587486337327,0.0034782608695652175,75.35326280380741
spring-2026,full,0,180350,40.59906125162967,25.06880255352495,-2.1065567077521856,0.009540846750149075,75.35326280380741
spring-2026,full+upwind,24,61683,38.82244868077071,23.76114224730166,-2.108933255707503,0.02185792349726776,75.35326280380741
spring-2026,full+upwind,48,60416,40.647254466952745,25.329857493777354,-1.1172181835674673,0.0108499095840868,75.35326280380741
spring-2026,full+upwind,72,58251,42.58943444151681,26.00693246503298,-4.586583913859494,0.006956521739130435,75.35326280380741
spring-2026,full+upwind,0,180350,40.67942294954009,25.012015695065134,-2.5769685797418767,0.01311866428145498,75.35326280380741
spring-2026,coupled,24,61683,38.911244501132,23.739257611873583,-2.676775044273492,0.02185792349726776,75.35326280380741
spring-2026,coupled,48,60416,40.45387616722357,25.051210177195024,-1.6797983264182133,0.007233273056057866,75.35326280380741
spring-2026,coupled,72,58251,42.375609116956596,25.920353520862196,-3.7525474526625247,0.0052173913043478265,75.35326280380741
spring-2026,coupled,0,180350,40.57159710299687,24.883221814706715,-2.6902570136393082,0.011329755515802028,75.35326280380741
summer-2026,persistence,24,65504,45.701423416365394,26.503776525097702,0.5269421841923141,0.11044776119402985,58.19800467809692
summer-2026,persistence,48,62903,47.90101980293094,28.59260110805526,2.0393947426990766,0.06397306397306397,58.19800467809692
summer-2026,persistence,72,60915,49.74527389365264,30.58711361459958,3.3422006758050835,0.054838709677419356,58.19800467809692
summer-2026,persistence,0,189322,47.76206604629898,28.51162459108468,1.9352796954395162,0.07749469214437367,58.19800467809692
summer-2026,raw-cams,24,65504,92.3980405933391,68.55576275240188,57.94921450089562,0.05373134328358209,58.19800467809692
summer-2026,raw-cams,48,62903,93.21076013623919,69.96467844670896,59.911864431479145,0.06060606060606061,58.19800467809692
summer-2026,raw-cams,72,60915,94.00066532770533,70.27548879586308,60.26569651700457,0.04516129032258064,58.19800467809692
summer-2026,raw-cams,0,189322,93.18601944096521,69.5772084156446,59.34664887510872,0.05307855626326964,58.19800467809692
summer-2026,full (no fires),24,65504,38.79445633094516,23.984741712996716,4.549055635195109,0.0,58.19800467809692
summer-2026,full (no fires),48,62903,39.89636869094208,25.064836747002676,5.462507153818051,0.0,58.19800467809692
summer-2026,full (no fires),72,60915,39.900446787044274,25.46499068252114,5.404844570137529,0.0,58.19800467809692
summer-2026,full (no fires),0,189322,39.51991637452823,24.819882815999314,5.1279066078657785,0.0,58.19800467809692
summer-2026,full,24,65504,39.1385213813103,24.374302113891275,4.787579455010513,0.0,58.19800467809692
summer-2026,full,48,62903,39.93572731459031,25.249289649988143,6.081445797558513,0.0,58.19800467809692
summer-2026,full,72,60915,39.93729897133858,25.64269260670742,6.182682341297058,0.0,58.19800467809692
summer-2026,full,0,189322,39.662222198509696,25.073129233048036,5.666350896593856,0.0,58.19800467809692
summer-2026,full+upwind,24,65504,39.02678088330645,24.30477498762298,4.742427504240498,0.0,58.19800467809692
summer-2026,full+upwind,48,62903,39.61126651605337,25.00007367093176,5.697251595934126,0.0,58.19800467809692
summer-2026,full+upwind,72,60915,40.33738711723493,26.000857739913535,6.7304461652857475,0.0,58.19800467809692
summer-2026,full+upwind,0,189322,39.646288507568244,25.081511203868065,5.699323462329762,0.0,58.19800467809692
summer-2026,coupled,24,65504,39.17849662382545,24.100561258542367,3.8022567990312695,0.0,58.19800467809692
summer-2026,coupled,48,62903,39.7964059967897,25.059554542758224,5.496487328252269,0.0,58.19800467809692
summer-2026,coupled,72,60915,39.985435240934,25.676994419909576,6.310995935685043,0.0,58.19800467809692
summer-2026,coupled,0,189322,39.64495076228263,24.92641340769415,5.172367126879344,0.0,58.19800467809692
autumn-2025,full (lead-matched),24,36744,69.7560606532621,30.516227753300868,-13.575657052293009,0.0,91.16003175688483
autumn-2025,full (lead-matched),48,36022,72.12308466957256,33.35820759050281,-20.766075539597445,0.0,91.16003175688483
autumn-2025,full (lead-matched),72,35392,75.40758891462771,36.21079308195107,-25.16251237069852,0.0,91.16003175688483
autumn-2025,full (lead-matched),0,108158,72.43073092006264,33.32615262069187,-19.76193303907797,0.0,91.16003175688483
episode-2025,full (lead-matched),24,45156,88.7888416971127,59.13401435286892,-23.965029099904726,0.3037491045132532,203.8339411135406
episode-2025,full (lead-matched),48,44226,91.62331909980352,61.247977303457674,-30.683652793106276,0.20515119406634608,203.8339411135406
episode-2025,full (lead-matched),72,43890,96.07977196421585,64.0602315968415,-32.32409850253342,0.009928021841648052,203.8339411135406
episode-2025,full (lead-matched),0,133272,92.17941261846072,61.45786182488627,-28.947451570768116,0.17478804951380048,203.8339411135406
late-winter-2026,full (lead-matched),24,32383,65.01621644130611,45.35790173319816,-0.2795562756272295,0.49933949801849403,145.54324796700234
late-winter-2026,full (lead-matched),48,31480,68.56308352214072,47.61050493510363,6.298310124371366,0.52703077349598,145.54324796700234
late-winter-2026,full (lead-matched),72,30836,69.49246416383792,48.38898412005326,-0.8654106032481532,0.4447391688770999,145.54324796700234
late-winter-2026,full (lead-matched),0,94699,67.68057640214104,47.093700477398706,1.7163025003412287,0.49142327306444133,145.54324796700234
spring-2026,full (lead-matched),24,61683,38.842194559658736,23.781097114813942,-2.029809198780148,0.02185792349726776,75.35326280380741
spring-2026,full (lead-matched),48,60416,40.65546518461706,25.40475860173657,-0.7903235907833609,0.0018083182640144665,75.35326280380741
spring-2026,full (lead-matched),72,58251,42.67294436104962,26.522785721123313,-2.7105720680294123,0.0052173913043478265,75.35326280380741
spring-2026,full (lead-matched),0,180350,40.716868040508395,25.21054671503598,-1.8344687796168826,0.009540846750149075,75.35326280380741
summer-2026,full (lead-matched),24,65504,40.007075879396545,25.380580706746688,6.727871978079938,0.0,58.19800467809692
summer-2026,full (lead-matched),48,62903,40.2005658700638,25.370195623880797,5.784362941473874,0.0,58.19800467809692
summer-2026,full (lead-matched),72,60915,40.011161147479065,25.4373963859315,4.843873624451639,0.0,58.19800467809692
summer-2026,full (lead-matched),0,189322,40.0727797349513,25.395410859766567,5.808204381916264,0.0,58.19800467809692
